{"cameraMode":{"drawMode":0,"name":"Shaded","section":"Shading Mode"},"sceneLighting":false,"audioPlay":false,"sceneViewState":{"showFog":true,"showMaterialUpdate":false,"showSkybox":false,"showFlares":true,"showImageEffects":true,"showParticleSystems":true},"in2DMode":false,"pivot":{"x":8.927512168884278,"y":1.2812247276306153,"z":-0.5184170007705689},"rotation":{"x":0.544619619846344,"y":0.012074300087988377,"z":-0.007843058556318283,"w":0.838564932346344},"size":0.866025447845459,"orthographic":false}