{"cameraMode":{"drawMode":0,"name":"Shaded","section":"Shading Mode"},"sceneLighting":true,"audioPlay":false,"sceneViewState":{"showFog":true,"showMaterialUpdate":false,"showSkybox":true,"showFlares":true,"showImageEffects":true,"showParticleSystems":true},"in2DMode":false,"pivot":{"x":7.436697959899902,"y":5.610684394836426,"z":-4.299631118774414},"rotation":{"x":0.18786874413490296,"y":-0.009431043639779091,"z":0.0018015728564932943,"w":0.9821525812149048},"size":0.04608941078186035,"orthographic":false}